{"holidays":{"2024-01-01":"New Year's Day,元旦,1","2024-02-10":"Spring Festival,春节,3","2024-02-11":"Spring Festival,春节,3","2024-02-12":"Spring Festival,春节,3","2024-02-13":"Spring Festival,春节,3","2024-02-14":"Spring Festival,春节,3","2024-02-15":"Spring Festival,春节,3","2024-02-16":"Spring Festival,春节,3","2024-02-17":"Spring Festival,春节,3","2024-04-04":"Tomb-sweeping Day,清明,1","2024-04-05":"Tomb-sweeping Day,清明,1","2024-04-06":"Tomb-sweeping Day,清明,1","2024-05-01":"Labour Day,劳动节,1","2024-05-02":"Labour Day,劳动节,1","2024-05-03":"Labour Day,劳动节,1","2024-05-04":"Labour Day,劳动节,1","2024-05-05":"Labour Day,劳动节,1","2024-06-10":"Dragon Boat Festival,端午,1","2024-09-15":"Mid-autumn Festival,中秋,1","2024-09-16":"Mid-autumn Festival,中秋,1","2024-09-17":"Mid-autumn Festival,中秋,1","2024-10-01":"National Day,国庆节,3","2024-10-02":"National Day,国庆节,3","2024-10-03":"National Day,国庆节,3","2024-10-04":"National Day,国庆节,3","2024-10-05":"National Day,国庆节,3","2024-10-06":"National Day,国庆节,3","2024-10-07":"National Day,国庆节,3"},"workdays":{"2024-02-04":"Spring Festival,春节,3","2024-02-18":"Spring Festival,春节,3","2024-04-07":"Tomb-sweeping Day,清明,1","2024-04-28":"Labour Day,劳动节,1","2024-05-11":"Labour Day,劳动节,1","2024-09-14":"Mid-autumn Festival,中秋,1","2024-09-29":"National Day,国庆节,3","2024-10-12":"National Day,国庆节,3"},"inLieuDays":{"2024-02-15":"Spring Festival,春节,3","2024-02-16":"Spring Festival,春节,3","2024-04-05":"Tomb-sweeping Day,清明,1","2024-05-02":"Labour Day,劳动节,1","2024-05-03":"Labour Day,劳动节,1","2024-09-16":"Mid-autumn Festival,中秋,1","2024-10-04":"National Day,国庆节,3","2024-10-07":"National Day,国庆节,3"}}