{"holidays":{"2026-01-01":"New Year's Day,元旦,1","2026-01-02":"New Year's Day,元旦,1","2026-01-03":"New Year's Day,元旦,1","2026-02-15":"Spring Festival,春节,4","2026-02-16":"Spring Festival,春节,4","2026-02-17":"Spring Festival,春节,4","2026-02-18":"Spring Festival,春节,4","2026-02-19":"Spring Festival,春节,4","2026-02-20":"Spring Festival,春节,4","2026-02-21":"Spring Festival,春节,4","2026-02-22":"Spring Festival,春节,4","2026-02-23":"Spring Festival,春节,4","2026-04-04":"Tomb-sweeping Day,清明,1","2026-04-05":"Tomb-sweeping Day,清明,1","2026-04-06":"Tomb-sweeping Day,清明,1","2026-05-01":"Labour Day,劳动节,2","2026-05-02":"Labour Day,劳动节,2","2026-05-03":"Labour Day,劳动节,2","2026-05-04":"Labour Day,劳动节,2","2026-05-05":"Labour Day,劳动节,2","2026-06-19":"Dragon Boat Festival,端午,1","2026-06-20":"Dragon Boat Festival,端午,1","2026-06-21":"Dragon Boat Festival,端午,1","2026-09-25":"Mid-autumn Festival,中秋,1","2026-09-26":"Mid-autumn Festival,中秋,1","2026-09-27":"Mid-autumn Festival,中秋,1","2026-10-01":"National Day,国庆节,3","2026-10-02":"National Day,国庆节,3","2026-10-03":"National Day,国庆节,3","2026-10-04":"National Day,国庆节,3","2026-10-05":"National Day,国庆节,3","2026-10-06":"National Day,国庆节,3","2026-10-07":"National Day,国庆节,3"},"workdays":{"2026-01-04":"New Year's Day,元旦,1","2026-02-14":"Spring Festival,春节,4","2026-02-28":"Spring Festival,春节,4","2026-05-09":"Labour Day,劳动节,2","2026-09-20":"National Day,国庆节,3","2026-10-10":"National Day,国庆节,3"},"inLieuDays":{"2026-01-02":"New Year's Day,元旦,1","2026-02-20":"Spring Festival,春节,4","2026-02-23":"Spring Festival,春节,4","2026-05-05":"Labour Day,劳动节,2","2026-10-06":"National Day,国庆节,3","2026-10-07":"National Day,国庆节,3"}}